{
  "train_result": {
    "train_runtime": 170.4237,
    "train_samples_per_second": 46.508,
    "train_steps_per_second": 2.922,
    "total_flos": 302351445432192.0,
    "train_loss": 1.1632662882287819,
    "epoch": 3.0
  },
  "eval_metrics": {
    "eval_loss": 1.1123027801513672,
    "eval_accuracy": 0.6354009077155824,
    "eval_egyptian_accuracy": 0.75,
    "eval_sudanese_accuracy": 0.5263157894736842,
    "eval_iraqi_accuracy": 0.45714285714285713,
    "eval_yemeni_accuracy": 0.1282051282051282,
    "eval_saudi_accuracy": 0.0,
    "eval_gulf_accuracy": 0.8342245989304813,
    "eval_palestinian_accuracy": 0.777027027027027,
    "eval_maghrebi_accuracy": 0.582089552238806,
    "eval_runtime": 4.8992,
    "eval_samples_per_second": 134.921,
    "eval_steps_per_second": 8.573,
    "epoch": 3.0
  },
  "config": {
    "model": "CAMeL-Lab/bert-base-arabic-camelbert-msa",
    "batch_size": 16,
    "epochs": 3,
    "learning_rate": 2e-05,
    "max_length": 128
  }
}